,Year,Country ISO,Net Number of Migrants
0,1990.0,AUS,100000.0
1,1990.0,AUT,60000.0
2,1990.0,BEL,8000.0
3,1990.0,BGR,-117000.0
4,1990.0,CAN,181000.0
5,1990.0,CZE,624.0
6,1990.0,DNK,8332.0
7,1990.0,DEU,680000.0
8,1990.0,EST,-3000.0
9,1990.0,FIN,7081.0
10,1990.0,FRA,80000.0
11,1990.0,ISL,-681.0
12,1990.0,IRL,-8966.666666665082
13,1990.0,ITA,13395.0
14,1990.0,JPN,119919.0
15,1990.0,LVA,-13085.0
16,1990.0,LTU,-8848.0
17,1990.0,NLD,54000.0
18,1990.0,NZL,70000.0
19,1990.0,NOR,2000.0
20,1990.0,POL,-15814.0
21,1990.0,PRT,-35000.0
22,1990.0,SVN,2167.0
23,1990.0,KOR,79000.0
24,1990.0,ESP,-31000.0
25,1990.0,SWE,34759.0
26,1990.0,CHE,58000.0
27,1990.0,TWN,-63000.0
28,1990.0,GBR,57000.0
29,1990.0,USA,1125000.0
30,1991.0,AUS,69000.0
31,1991.0,AUT,77000.0
32,1991.0,BEL,27000.0
33,1991.0,BGR,-119000.0
34,1991.0,CAN,193852.0
35,1991.0,CZE,2876.0
36,1991.0,DNK,10938.0
37,1991.0,DEU,603000.0
38,1991.0,EST,-10000.0
39,1991.0,FIN,13017.0
40,1991.0,FRA,90000.0
41,1991.0,ISL,1007.0
42,1991.0,IRL,4266.666666667379
43,1991.0,ITA,123563.0
44,1991.0,JPN,229521.0
45,1991.0,LVA,-15045.0
46,1991.0,LTU,-10675.0
47,1991.0,NLD,52000.0
48,1991.0,NZL,31000.0
49,1991.0,NOR,8000.0
50,1991.0,POL,-15937.0
51,1991.0,PRT,-32829.0
52,1991.0,SVN,-3071.0
53,1991.0,KOR,-271000.0
54,1991.0,ESP,123000.0
55,1991.0,SWE,24949.0
56,1991.0,CHE,61440.0
57,1991.0,TWN,-12128.0
58,1991.0,GBR,44000.0
59,1991.0,USA,1168000.0
60,1992.0,AUS,41000.0
61,1992.0,AUT,71000.0
62,1992.0,BEL,26000.0
63,1992.0,BGR,-121000.0
64,1992.0,CAN,206619.0
65,1992.0,CZE,11781.0
66,1992.0,DNK,11462.0
67,1992.0,DEU,782000.0
68,1992.0,EST,-38000.0
69,1992.0,FIN,8499.0
70,1992.0,FRA,90000.0
71,1992.0,ISL,-255.0
72,1992.0,IRL,2199.999999999409
73,1992.0,ITA,18149.0
74,1992.0,JPN,158432.0
75,1992.0,LVA,-53474.0
76,1992.0,LTU,-25332.0
77,1992.0,NLD,50000.0
78,1992.0,NZL,6000.0
79,1992.0,NOR,10000.0
80,1992.0,POL,-11603.0
81,1992.0,PRT,-9357.0
82,1992.0,SVN,-387.0
83,1992.0,KOR,-266000.0
84,1992.0,ESP,178000.0
85,1992.0,SWE,19482.0
86,1992.0,CHE,40156.0
87,1992.0,TWN,-21000.0
88,1992.0,GBR,-13000.0
89,1992.0,USA,1197000.0
90,1993.0,AUS,24000.0
91,1993.0,AUT,34000.0
92,1993.0,BEL,19000.0
93,1993.0,BGR,-20000.0
94,1993.0,CAN,200474.0
95,1993.0,CZE,5476.0
96,1993.0,DNK,11056.0
97,1993.0,DEU,462000.0
98,1993.0,EST,-26000.0
99,1993.0,FIN,8390.0
100,1993.0,FRA,70000.0
101,1993.0,ISL,-203.0
102,1993.0,IRL,-3266.6666666669926
103,1993.0,ITA,23598.0
104,1993.0,JPN,34153.0
105,1993.0,LVA,-32333.0
106,1993.0,LTU,-23990.0
107,1993.0,NLD,45000.0
108,1993.0,NZL,13000.0
109,1993.0,NOR,13000.0
110,1993.0,POL,-15505.0
111,1993.0,PRT,11423.0
112,1993.0,SVN,1355.0
113,1993.0,KOR,-223000.0
114,1993.0,ESP,161000.0
115,1993.0,SWE,31764.0
116,1993.0,CHE,39512.0
117,1993.0,TWN,-37000.0
118,1993.0,GBR,-1000.0
119,1993.0,USA,1218000.0
120,1994.0,AUS,52000.0
121,1994.0,AUT,3000.0
122,1994.0,BEL,18000.0
123,1994.0,BGR,-21000.0
124,1994.0,CAN,174914.0
125,1994.0,CZE,9942.0
126,1994.0,DNK,10251.0
127,1994.0,DEU,315000.0
128,1994.0,EST,-18000.0
129,1994.0,FIN,2939.0
130,1994.0,FRA,50000.0
131,1994.0,ISL,-760.0
132,1994.0,IRL,-2833.333333333121
133,1994.0,ITA,22864.0
134,1994.0,JPN,21020.0
135,1994.0,LVA,-22823.0
136,1994.0,LTU,-24195.0
137,1994.0,NLD,20000.0
138,1994.0,NZL,20000.0
139,1994.0,NOR,8000.0
140,1994.0,POL,-19000.0
141,1994.0,PRT,24273.0
142,1994.0,SVN,936.0
143,1994.0,KOR,-208000.0
144,1994.0,ESP,160000.0
145,1994.0,SWE,50581.0
146,1994.0,CHE,30883.0
147,1994.0,TWN,-39000.0
148,1994.0,GBR,77000.0
149,1994.0,USA,1191000.0
150,1995.0,AUS,80000.0
151,1995.0,AUT,2000.0
152,1995.0,BEL,2000.0
153,1995.0,BGR,-22000.0
154,1995.0,CAN,167842.0
155,1995.0,CZE,9999.0
156,1995.0,DNK,28557.0
157,1995.0,DEU,398000.0
158,1995.0,EST,-13000.0
159,1995.0,FIN,3265.0
160,1995.0,FRA,40000.0
161,1995.0,ISL,-1418.0
162,1995.0,IRL,4700.00000000075
163,1995.0,ITA,28928.0
164,1995.0,JPN,-3874.0
165,1995.0,LVA,-13713.0
166,1995.0,LTU,-23668.0
167,1995.0,NLD,15000.0
168,1995.0,NZL,27000.0
169,1995.0,NOR,6000.0
170,1995.0,POL,-18223.0
171,1995.0,PRT,31412.0
172,1995.0,SVN,2507.0
173,1995.0,KOR,-208000.0
174,1995.0,ESP,162000.0
175,1995.0,SWE,11432.0
176,1995.0,CHE,14458.0
177,1995.0,TWN,-38000.0
178,1995.0,GBR,76000.0
179,1995.0,USA,1137000.0
180,1996.0,AUS,83000.0
181,1996.0,AUT,4000.0
182,1996.0,BEL,16000.0
183,1996.0,BGR,-22000.0
184,1996.0,CAN,166903.0
185,1996.0,CZE,10129.0
186,1996.0,DNK,17133.0
187,1996.0,DEU,282000.0
188,1996.0,EST,-11000.0
189,1996.0,FIN,2707.0
190,1996.0,FRA,35000.0
191,1996.0,ISL,-446.0
192,1996.0,IRL,15466.666666667516
193,1996.0,ITA,53183.0
194,1996.0,JPN,-886.0
195,1996.0,LVA,-10081.0
196,1996.0,LTU,-23369.0
197,1996.0,NLD,22000.0
198,1996.0,NZL,25000.0
199,1996.0,NOR,6000.0
200,1996.0,POL,-13111.0
201,1996.0,PRT,37123.0
202,1996.0,SVN,6510.0
203,1996.0,KOR,-116000.0
204,1996.0,ESP,163000.0
205,1996.0,SWE,5609.0
206,1996.0,CHE,-5807.0
207,1996.0,TWN,-36000.0
208,1996.0,GBR,55000.0
209,1996.0,USA,1144000.0
210,1997.0,AUS,68000.0
211,1997.0,AUT,2000.0
212,1997.0,BEL,10000.0
213,1997.0,BGR,-23000.0
214,1997.0,CAN,150592.5
215,1997.0,CZE,12075.0
216,1997.0,DNK,11712.0
217,1997.0,DEU,94000.0
218,1997.0,EST,-4000.0
219,1997.0,FIN,3710.0
220,1997.0,FRA,40000.0
221,1997.0,ISL,69.0
222,1997.0,IRL,17999.99999999986
223,1997.0,ITA,52646.0
224,1997.0,JPN,115547.0
225,1997.0,LVA,-9420.0
226,1997.0,LTU,-22421.0
227,1997.0,NLD,31000.0
228,1997.0,NZL,12000.0
229,1997.0,NOR,10000.0
230,1997.0,POL,-11796.0
231,1997.0,PRT,41407.0
232,1997.0,SVN,2442.0
233,1997.0,KOR,-109000.0
234,1997.0,ESP,165000.0
235,1997.0,SWE,5913.0
236,1997.0,CHE,-6834.0
237,1997.0,TWN,-22000.0
238,1997.0,GBR,48000.0
239,1997.0,USA,1118000.0
240,1998.0,AUS,81000.0
241,1998.0,AUT,9000.0
242,1998.0,BEL,13000.0
243,1998.0,BGR,-23000.0
244,1998.0,CAN,126430.5
245,1998.0,CZE,9488.0
246,1998.0,DNK,11032.0
247,1998.0,DEU,47000.0
248,1998.0,EST,-3000.0
249,1998.0,FIN,3375.0
250,1998.0,FRA,45000.0
251,1998.0,ISL,880.0
252,1998.0,IRL,17333.333333333325
253,1998.0,ITA,48798.0
254,1998.0,JPN,117707.0
255,1998.0,LVA,-5751.0
256,1998.0,LTU,-22122.0
257,1998.0,NLD,52000.0
258,1998.0,NZL,-1000.0
259,1998.0,NOR,14000.0
260,1998.0,POL,-13261.0
261,1998.0,PRT,45690.0
262,1998.0,SVN,-2105.0
263,1998.0,KOR,-98000.0
264,1998.0,ESP,183000.0
265,1998.0,SWE,10456.0
266,1998.0,CHE,1177.0
267,1998.0,TWN,-10000.0
268,1998.0,GBR,140000.0
269,1998.0,USA,1103000.0
270,1999.0,AUS,93000.0
271,1999.0,AUT,20000.0
272,1999.0,BEL,17000.0
273,1999.0,BGR,-24000.0
274,1999.0,CAN,133423.5
275,1999.0,CZE,8774.0
276,1999.0,DNK,8896.0
277,1999.0,DEU,202000.0
278,1999.0,EST,1000.0
279,1999.0,FIN,2778.0
280,1999.0,FRA,60000.0
281,1999.0,ISL,1122.0
282,1999.0,IRL,23100.00000000066
283,1999.0,ITA,48529.0
284,1999.0,JPN,137967.0
285,1999.0,LVA,-4085.0
286,1999.0,LTU,-20739.0
287,1999.0,NLD,47000.0
288,1999.0,NZL,-8000.0
289,1999.0,NOR,18999.0
290,1999.0,POL,-14011.0
291,1999.0,PRT,54257.0
292,1999.0,SVN,2335.0
293,1999.0,KOR,-107000.0
294,1999.0,ESP,179000.0
295,1999.0,SWE,13725.0
296,1999.0,CHE,16149.0
297,1999.0,TWN,4000.0
298,1999.0,GBR,163000.0
299,1999.0,USA,1133000.0
300,2000.0,AUS,111000.0
301,2000.0,AUT,18000.0
302,2000.0,BEL,13564.0
303,2000.0,BGR,-26000.0
304,2000.0,CAN,173422.5
305,2000.0,CZE,6539.0
306,2000.0,DNK,9498.0
307,2000.0,DEU,167000.0
308,2000.0,EST,-1749.0
309,2000.0,FIN,2584.0
310,2000.0,FRA,70000.0
311,2000.0,ISL,1714.0
312,2000.0,IRL,30533.33333333385
313,2000.0,ITA,54370.0
314,2000.0,JPN,-39426.0
315,2000.0,LVA,-16428.0
316,2000.0,LTU,-20306.0
317,2000.0,NLD,59000.0
318,2000.0,NZL,-7000.0
319,2000.0,NOR,9688.0
320,2000.0,POL,-19668.0
321,2000.0,PRT,67108.0
322,2000.0,SVN,2615.0
323,2000.0,KOR,8000.0
324,2000.0,ESP,176000.0
325,2000.0,SWE,24085.0
326,2000.0,CHE,20224.0
327,2000.0,TWN,-46000.0
328,2000.0,GBR,158000.0
329,2000.0,USA,1251000.0
330,2001.0,AUS,118000.0
331,2001.0,AUT,40000.0
332,2001.0,BEL,35300.0
333,2001.0,BGR,-31000.0
334,2001.0,CAN,200766.5
335,2001.0,CZE,-8551.0
336,2001.0,DNK,12004.0
337,2001.0,DEU,273000.0
338,2001.0,EST,-1934.0
339,2001.0,FIN,5802.0
340,2001.0,FRA,85000.0
341,2001.0,ISL,968.0
342,2001.0,IRL,38466.66666666731
343,2001.0,ITA,40000.0
344,2001.0,JPN,154513.0
345,2001.0,LVA,-19163.0
346,2001.0,LTU,-23147.0
347,2001.0,NLD,56000.0
348,2001.0,NZL,18000.0
349,2001.0,NOR,7955.0
350,2001.0,POL,-16743.0
351,2001.0,PRT,56213.0
352,2001.0,SVN,2992.0
353,2001.0,KOR,-32000.0
354,2001.0,ESP,181000.0
355,2001.0,SWE,28268.0
356,2001.0,CHE,41843.0
357,2001.0,TWN,-3811.0
358,2001.0,GBR,179000.0
359,2001.0,USA,1112508.0
360,2002.0,AUS,109000.0
361,2002.0,AUT,33294.0
362,2002.0,BEL,38421.0
363,2002.0,BGR,-13000.0
364,2002.0,CAN,175701.5
365,2002.0,CZE,12290.0
366,2002.0,DNK,9297.0
367,2002.0,DEU,219000.0
368,2002.0,EST,-1463.0
369,2002.0,FIN,5221.0
370,2002.0,FRA,95000.0
371,2002.0,ISL,-275.0
372,2002.0,IRL,34233.33333333253
373,2002.0,ITA,162194.0
374,2002.0,JPN,-28290.0
375,2002.0,LVA,-9195.0
376,2002.0,LTU,-11609.0
377,2002.0,NLD,29000.0
378,2002.0,NZL,53340.0
379,2002.0,NOR,17174.0
380,2002.0,POL,-17945.0
381,2002.0,PRT,41798.0
382,2002.0,SVN,1865.0
383,2002.0,KOR,-16000.0
384,2002.0,ESP,738000.0
385,2002.0,SWE,30788.0
386,2002.0,CHE,48921.0
387,2002.0,TWN,1000.0
388,2002.0,GBR,172000.0
389,2002.0,USA,923312.0
390,2003.0,AUS,104000.0
391,2003.0,AUT,39873.0
392,2003.0,BEL,33030.0
393,2003.0,BGR,-13000.0
394,2003.0,CAN,165388.0
395,2003.0,CZE,25789.0
396,2003.0,DNK,6288.0
397,2003.0,DEU,143000.0
398,2003.0,EST,-2106.0
399,2003.0,FIN,5755.0
400,2003.0,FRA,100000.0
401,2003.0,ISL,-133.0
402,2003.0,IRL,31566.666666666766
403,2003.0,ITA,407799.0
404,2003.0,JPN,98635.0
405,2003.0,LVA,-11584.0
406,2003.0,LTU,-21555.0
407,2003.0,NLD,-317.0
408,2003.0,NZL,53827.416666666664
409,2003.0,NOR,11285.0
410,2003.0,POL,-13765.0
411,2003.0,PRT,24738.0
412,2003.0,SVN,3412.0
413,2003.0,KOR,-42000.0
414,2003.0,ESP,658000.0
415,2003.0,SWE,28453.0
416,2003.0,CHE,43027.0
417,2003.0,TWN,-14000.0
418,2003.0,GBR,185000.0
419,2003.0,USA,877241.5
420,2004.0,AUS,142580.0
421,2004.0,AUT,50826.0
422,2004.0,BEL,33669.0
423,2004.0,BGR,-14000.0
424,2004.0,CAN,187412.5
425,2004.0,CZE,18635.0
426,2004.0,DNK,4843.0
427,2004.0,DEU,83000.0
428,2004.0,EST,-1830.0
429,2004.0,FIN,6677.0
430,2004.0,FRA,105000.0
431,2004.0,ISL,528.0
432,2004.0,IRL,47400.00000000175
433,2004.0,ITA,362912.0
434,2004.0,JPN,59577.0
435,2004.0,LVA,-15323.0
436,2004.0,LTU,-32138.0
437,2004.0,NLD,-16216.000000000002
438,2004.0,NZL,24540.166666666668
439,2004.0,NOR,13211.0
440,2004.0,POL,-9382.0
441,2004.0,PRT,14336.0
442,2004.0,SVN,1902.0
443,2004.0,KOR,-49000.0
444,2004.0,ESP,661000.0
445,2004.0,SWE,25271.0
446,2004.0,CHE,40462.0
447,2004.0,TWN,2000.0
448,2004.0,GBR,268000.0
449,2004.0,USA,940174.5
450,2005.0,AUS,171840.0
451,2005.0,AUT,44332.0
452,2005.0,BEL,47073.0
453,2005.0,BGR,-14000.0
454,2005.0,CAN,195574.5
455,2005.0,CZE,36229.0
456,2005.0,DNK,6589.0
457,2005.0,DEU,79000.0
458,2005.0,EST,-3174.0
459,2005.0,FIN,8986.0
460,2005.0,FRA,95000.0
461,2005.0,ISL,3860.0
462,2005.0,IRL,66233.3333333346
463,2005.0,ITA,202743.0
464,2005.0,JPN,11779.0
465,2005.0,LVA,-10952.0
466,2005.0,LTU,-51096.0
467,2005.0,NLD,-27428.0
468,2005.0,NZL,10941.583333333334
469,2005.0,NOR,18439.0
470,2005.0,POL,-12878.0
471,2005.0,PRT,15381.0
472,2005.0,SVN,6436.0
473,2005.0,KOR,-95000.0
474,2005.0,ESP,630000.0
475,2005.0,SWE,26688.0
476,2005.0,CHE,36180.0
477,2005.0,TWN,13000.0
478,2005.0,GBR,267000.0
479,2005.0,USA,950521.5
480,2006.0,AUS,232800.0
481,2006.0,AUT,24103.0
482,2006.0,BEL,50019.0
483,2006.0,BGR,-15000.0
484,2006.0,CAN,196224.5
485,2006.0,CZE,34720.0
486,2006.0,DNK,9964.0
487,2006.0,DEU,23000.0
488,2006.0,EST,-3293.0
489,2006.0,FIN,10344.0
490,2006.0,FRA,115025.0
491,2006.0,ISL,5255.0
492,2006.0,IRL,93800.0000000025
493,2006.0,ITA,157412.0
494,2006.0,JPN,24191.0
495,2006.0,LVA,-8807.0
496,2006.0,LTU,-24645.0
497,2006.0,NLD,-31320.0
498,2006.0,NZL,14405.5
499,2006.0,NOR,23723.0
500,2006.0,POL,-36134.0
501,2006.0,PRT,17141.0
502,2006.0,SVN,6267.0
503,2006.0,KOR,48000.0
504,2006.0,ESP,660000.0
505,2006.0,SWE,50425.0
506,2006.0,CHE,39368.0
507,2006.0,TWN,37000.0
508,2006.0,GBR,265000.0
509,2006.0,USA,909826.0
510,2007.0,AUS,277340.0
511,2007.0,AUT,25470.0
512,2007.0,BEL,57117.0
513,2007.0,BGR,-16000.0
514,2007.0,CAN,195426.0
515,2007.0,CZE,83945.0
516,2007.0,DNK,22061.0
517,2007.0,DEU,44000.0
518,2007.0,EST,-643.0
519,2007.0,FIN,13586.0
520,2007.0,FRA,74659.0
521,2007.0,ISL,5132.0
522,2007.0,IRL,77799.99999999693
523,2007.0,ITA,435999.0
524,2007.0,JPN,17480.0
525,2007.0,LVA,-7946.0
526,2007.0,LTU,-21774.0
527,2007.0,NLD,-5757.0
528,2007.0,NZL,14193.083333333334
529,2007.0,NOR,39652.0
530,2007.0,POL,-20485.0
531,2007.0,PRT,21771.0
532,2007.0,SVN,14250.0
533,2007.0,KOR,78000.0
534,2007.0,ESP,772000.0
535,2007.0,SWE,53438.0
536,2007.0,CHE,75459.0
537,2007.0,TWN,24000.0
538,2007.0,GBR,273000.0
539,2007.0,USA,831785.0
540,2008.0,AUS,299870.0
541,2008.0,AUT,24650.0
542,2008.0,BEL,63877.0
543,2008.0,BGR,-18000.0
544,2008.0,CAN,197923.5
545,2008.0,CZE,71790.0
546,2008.0,DNK,25591.0
547,2008.0,DEU,-56000.0
548,2008.0,EST,-735.0
549,2008.0,FIN,15457.0
550,2008.0,FRA,66930.0
551,2008.0,ISL,1144.0
552,2008.0,IRL,22499.99999999525
553,2008.0,ITA,356178.0
554,2008.0,JPN,-15139.0
555,2008.0,LVA,-22367.0
556,2008.0,LTU,-16453.0
557,2008.0,NLD,25737.0
558,2008.0,NZL,11672.75
559,2008.0,NOR,43346.0
560,2008.0,POL,-14865.0
561,2008.0,PRT,9361.0
562,2008.0,SVN,18584.0
563,2008.0,KOR,55000.0
564,2008.0,ESP,310641.0
565,2008.0,SWE,55116.0
566,2008.0,CHE,98167.0
567,2008.0,TWN,26000.0
568,2008.0,GBR,229000.0
569,2008.0,USA,774632.5
570,2009.0,AUS,196060.0
571,2009.0,AUT,17053.0
572,2009.0,BEL,62761.0
573,2009.0,BGR,-19000.0
574,2009.0,CAN,212941.5
575,2009.0,CZE,28344.0
576,2009.0,DNK,16455.0
577,2009.0,DEU,-13000.0
578,2009.0,EST,-774.0
579,2009.0,FIN,14548.0
580,2009.0,FRA,44222.0
581,2009.0,ISL,-4835.0
582,2009.0,IRL,-17800.000000002205
583,2009.0,ITA,212363.0
584,2009.0,JPN,-15952.0
585,2009.0,LVA,-34477.0
586,2009.0,LTU,-32013.0
587,2009.0,NLD,34481.0
588,2009.0,NZL,16194.166666666666
589,2009.0,NOR,38637.0
590,2009.0,POL,-1196.0
591,2009.0,PRT,15408.0
592,2009.0,SVN,11508.0
593,2009.0,KOR,20000.0
594,2009.0,ESP,12845.0
595,2009.0,SWE,62343.0
596,2009.0,CHE,74587.0
597,2009.0,TWN,40000.0
598,2009.0,GBR,217000.0
599,2009.0,USA,730399.0
600,2010.0,AUS,180370.0
601,2010.0,AUT,21316.0
602,2010.0,BEL,79469.0
603,2010.0,BGR,-24190.0
604,2010.0,CAN,222421.0
605,2010.0,CZE,15648.0
606,2010.0,DNK,17103.0
607,2010.0,DEU,128000.0
608,2010.0,EST,-2484.0
609,2010.0,FIN,13731.0
610,2010.0,FRA,43354.0
611,2010.0,ISL,-2134.0
612,2010.0,IRL,-27433.333333333325
613,2010.0,ITA,200091.0
614,2010.0,JPN,-24515.0
615,2010.0,LVA,-35640.0
616,2010.0,LTU,-77944.0
617,2010.0,NLD,33081.0
618,2010.0,NZL,8708.166666666666
619,2010.0,NOR,42346.0
620,2010.0,POL,-2114.0
621,2010.0,PRT,3815.0
622,2010.0,SVN,-521.0
623,2010.0,KOR,82000.0
624,2010.0,ESP,-42675.0
625,2010.0,SWE,49681.0
626,2010.0,CHE,64939.0
627,2010.0,TWN,18000.0
628,2010.0,GBR,250000.0
629,2010.0,USA,765281.5
630,2011.0,AUS,231950.0
631,2011.0,AUT,30705.0
632,2011.0,BEL,62086.0
633,2011.0,BGR,-4795.0
634,2011.0,CAN,210719.0
635,2011.0,CZE,16889.0
636,2011.0,DNK,14340.0
637,2011.0,DEU,279000.0
638,2011.0,EST,-2505.0
639,2011.0,FIN,16821.0
640,2011.0,FRA,47426.0
641,2011.0,ISL,-1114.0
642,2011.0,IRL,-26266.666666666537
643,2011.0,ITA,103851.0
644,2011.0,JPN,-126914.0
645,2011.0,LVA,-20077.0
646,2011.0,LTU,-38178.0
647,2011.0,NLD,29768.0
648,2011.0,NZL,-9706.5
649,2011.0,NOR,47032.0
650,2011.0,POL,-4334.0
651,2011.0,PRT,-25178.0
652,2011.0,SVN,2059.0
653,2011.0,KOR,91000.0
654,2011.0,ESP,-37699.0
655,2011.0,SWE,45283.0
656,2011.0,CHE,68118.0
657,2011.0,TWN,19077.0
658,2011.0,GBR,271000.0
659,2011.0,USA,774165.0
660,2012.0,AUS,230330.0
661,2012.0,AUT,43797.0
662,2012.0,BEL,44398.0
663,2012.0,BGR,-2512.0
664,2012.0,CAN,208235.0
665,2012.0,CZE,10293.0
666,2012.0,DNK,17605.0
667,2012.0,DEU,369000.0
668,2012.0,EST,-3682.0
669,2012.0,FIN,17433.0
670,2012.0,FRA,90831.0
671,2012.0,ISL,88.0
672,2012.0,IRL,-21033.333333332805
673,2012.0,ITA,258140.0
674,2012.0,JPN,-6588.0
675,2012.0,LVA,-11860.0
676,2012.0,LTU,-18010.0
677,2012.0,NLD,13883.0
678,2012.0,NZL,-14525.333333333334
679,2012.0,NOR,47343.0
680,2012.0,POL,-6617.0
681,2012.0,PRT,-37290.0
682,2012.0,SVN,644.0
683,2012.0,KOR,7000.0
684,2012.0,ESP,-142552.0
685,2012.0,SWE,51659.0
686,2012.0,CHE,71127.0
687,2012.0,TWN,26000.0
688,2012.0,GBR,182250.0
689,2012.0,USA,838671.0
690,2013.0,AUS,187780.0
691,2013.0,AUT,54728.0
692,2013.0,BEL,34831.0
693,2013.0,BGR,-1108.0
694,2013.0,CAN,212874.0
695,2013.0,CZE,-1297.0
696,2013.0,DNK,22802.0
697,2013.0,DEU,429000.0
698,2013.0,EST,-2642.0
699,2013.0,FIN,18048.0
700,2013.0,FRA,106880.0
701,2013.0,ISL,1764.0
702,2013.0,IRL,-11899.999999999227
703,2013.0,ITA,170000.0
704,2013.0,JPN,45944.0
705,2013.0,LVA,-14262.0
706,2013.0,LTU,-14125.0
707,2013.0,NLD,19103.0
708,2013.0,NZL,2783.6666666666665
709,2013.0,NOR,40073.0
710,2013.0,POL,-19904.0
711,2013.0,PRT,-36029.0
712,2013.0,SVN,487.0
713,2013.0,KOR,85000.0
714,2013.0,ESP,-251531.0
715,2013.0,SWE,65778.0
716,2013.0,CHE,87106.0
717,2013.0,TWN,7000.0
718,2013.0,GBR,230500.0
719,2013.0,USA,830168.0
720,2014.0,AUS,184030.0
721,2014.0,AUT,72324.0
722,2014.0,BEL,39951.0
723,2014.0,BGR,-2112.0
724,2014.0,CAN,200583.0
725,2014.0,CZE,21661.0
726,2014.0,DNK,28337.0
727,2014.0,DEU,550000.0
728,2014.0,EST,-733.0
729,2014.0,FIN,16021.0
730,2014.0,FRA,38699.0
731,2014.0,ISL,1047.0
732,2014.0,IRL,1100.0000000010914
733,2014.0,ITA,141303.0
734,2014.0,JPN,185889.0
735,2014.0,LVA,-8652.0
736,2014.0,LTU,-10330.0
737,2014.0,NLD,35087.0
738,2014.0,NZL,35118.583333333336
739,2014.0,NOR,38155.0
740,2014.0,POL,-15750.0
741,2014.0,PRT,-26495.0
742,2014.0,SVN,-490.0
743,2014.0,KOR,142000.0
744,2014.0,ESP,-94976.0
745,2014.0,SWE,76965.0
746,2014.0,CHE,76223.0
747,2014.0,TWN,13782.0
748,2014.0,GBR,263000.0
749,2014.0,USA,926546.0
750,2015.0,AUS,206230.0
751,2015.0,AUT,113067.0
752,2015.0,BEL,47672.0
753,2015.0,BGR,-4247.0
754,2015.0,CAN,227511.0
755,2015.0,CZE,15977.0
756,2015.0,DNK,42532.0
757,2015.0,DEU,1139000.0
758,2015.0,EST,2410.0
759,2015.0,FIN,12441.0
760,2015.0,FRA,53025.0
761,2015.0,ISL,1103.0
762,2015.0,IRL,12766.666666667446
763,2015.0,ITA,133123.0
764,2015.0,JPN,258147.0
765,2015.0,LVA,-10640.0
766,2015.0,LTU,-19360.0
767,2015.0,NLD,55106.0
768,2015.0,NZL,54362.666666666664
769,2015.0,NOR,29802.0
770,2015.0,POL,-10713.0
771,2015.0,PRT,-3528.0
772,2015.0,SVN,507.0
773,2015.0,KOR,61000.0
774,2015.0,ESP,-1761.0
775,2015.0,SWE,78969.0
776,2015.0,CHE,71884.0
777,2015.0,TWN,8581.0
778,2015.0,GBR,297000.0
779,2015.0,USA,1041605.0
780,2016.0,AUS,263350.0
781,2016.0,AUT,64676.0
782,2016.0,BEL,42235.0
783,2016.0,BGR,-9329.0
784,2016.0,CAN,242252.5
785,2016.0,CZE,20064.0
786,2016.0,DNK,33287.0
787,2016.0,DEU,500000.0
788,2016.0,EST,1030.0
789,2016.0,FIN,16823.0
790,2016.0,FRA,87964.0
791,2016.0,ISL,4794.0
792,2016.0,IRL,31533.333333335075
793,2016.0,ITA,143758.0
794,2016.0,JPN,174366.0
795,2016.0,LVA,-12229.0
796,2016.0,LTU,-24904.0
797,2016.0,NLD,79194.0
798,2016.0,NZL,63398.583333333336
799,2016.0,NOR,26076.0
800,2016.0,POL,1505.0
801,2016.0,PRT,-629.0
802,2016.0,SVN,1051.0
803,2016.0,KOR,75000.0
804,2016.0,ESP,87421.0
805,2016.0,SWE,119714.0
806,2016.0,CHE,71030.0
807,2016.0,TWN,11707.0
808,2016.0,GBR,289500.0
809,2016.0,USA,1046709.0
810,2017.0,AUS,238220.0
811,2017.0,AUT,44630.0
812,2017.0,BEL,44536.0
813,2017.0,BGR,-5989.0
814,2017.0,CAN,239859.0
815,2017.0,CZE,28273.0
816,2017.0,DNK,24631.0
817,2017.0,DEU,416000.0
818,2017.0,EST,5258.0
819,2017.0,FIN,14824.0
820,2017.0,FRA,166654.0
821,2017.0,ISL,7905.0
822,2017.0,IRL,42666.666666667064
823,2017.0,ITA,188330.0
824,2017.0,JPN,237890.0
825,2017.0,LVA,-7808.0
826,2017.0,LTU,-20646.0
827,2017.0,NLD,80665.0
828,2017.0,NZL,58515.083333333336
829,2017.0,NOR,21349.0
830,2017.0,POL,1436.0
831,2017.0,PRT,14896.0
832,2017.0,SVN,1253.0
833,2017.0,KOR,107000.0
834,2017.0,ESP,163272.0
835,2017.0,SWE,98874.0
836,2017.0,CHE,45948.0
837,2017.0,TWN,8809.0
838,2017.0,GBR,213250.0
839,2017.0,USA,930409.0
840,2018.0,AUS,241340.0
841,2018.0,AUT,35301.0
842,2018.0,BEL,50180.0
843,2018.0,BGR,-3666.0
844,2018.0,CAN,271070.5
845,2018.0,CZE,38629.0
846,2018.0,DNK,18684.0
847,2018.0,DEU,400000.0
848,2018.0,EST,7071.0
849,2018.0,FIN,11965.0
850,2018.0,FRA,211349.0
851,2018.0,ISL,5331.0
852,2018.0,IRL,44133.3333333333
853,2018.0,ITA,175364.0
854,2018.0,JPN,209805.0
855,2018.0,LVA,-4905.0
856,2018.0,LTU,-1218.0
857,2018.0,NLD,86371.0
858,2018.0,NZL,50006.083333333336
859,2018.0,NOR,18103.0
860,2018.0,POL,3612.0
861,2018.0,PRT,23757.0
862,2018.0,SVN,14928.0
863,2018.0,KOR,156000.0
864,2018.0,ESP,334158.0
865,2018.0,SWE,85562.0
866,2018.0,CHE,39860.0
867,2018.0,TWN,8888.0
868,2018.0,GBR,227750.0
869,2018.0,USA,701823.0
870,2019.0,AUS,192700.0
871,2019.0,AUT,40613.0
872,2019.0,BEL,55031.0
873,2019.0,BGR,-2012.0
874,2019.0,CAN,265560.5
875,2019.0,CZE,44270.0
876,2019.0,DNK,9321.0
877,2019.0,DEU,327000.0
878,2019.0,EST,5371.0
879,2019.0,FIN,15495.0
880,2019.0,FRA,139849.0
881,2019.0,ISL,2464.0
882,2019.0,IRL,44466.66666666672
883,2019.0,ITA,153273.0
884,2019.0,JPN,179491.0
885,2019.0,LVA,-3360.0
886,2019.0,LTU,11085.0
887,2019.0,NLD,108035.0
888,2019.0,NZL,56242.416666666664
889,2019.0,NOR,25327.0
890,2019.0,POL,6183.0
891,2019.0,PRT,67163.0
892,2019.0,SVN,16213.0
893,2019.0,KOR,32000.0
894,2019.0,ESP,454232.0
895,2019.0,SWE,68087.0
896,2019.0,CHE,43352.0
897,2019.0,TWN,12718.0
898,2019.0,GBR,221000.0
899,2019.0,USA,595348.0
900,2020.0,AUS,-84940.0
901,2020.0,AUT,40064.0
902,2020.0,BEL,41756.0
903,2020.0,BGR,30715.0
904,2020.0,CAN,226536.0
905,2020.0,CZE,26927.0
906,2020.0,DNK,10920.0
907,2020.0,DEU,220000.0
908,2020.0,EST,3782.0
909,2020.0,FIN,17814.0
910,2020.0,FRA,227847.0
911,2020.0,ISL,2079.0
912,2020.0,IRL,29433.333333331597
913,2020.0,ITA,87642.0
914,2020.0,JPN,134883.0
915,2020.0,LVA,-3150.0
916,2020.0,LTU,20775.0
917,2020.0,NLD,68359.0
918,2020.0,NZL,72649.33333333333
919,2020.0,NOR,11331.0
920,2020.0,POL,4483.0
921,2020.0,PRT,57768.0
922,2020.0,SVN,18365.0
923,2020.0,KOR,113000.0
924,2020.0,ESP,219357.0
925,2020.0,SWE,33581.0
926,2020.0,CHE,53804.0
927,2020.0,TWN,-33978.0
928,2020.0,GBR,102250.0
929,2020.0,USA,19885.0
930,2021.0,AUS,203590.0
931,2021.0,AUT,52488.0
932,2021.0,BEL,58118.0
933,2021.0,BGR,12706.0
934,2021.0,CAN,323285.5
935,2021.0,CZE,49969.0
936,2021.0,DNK,26475.0
937,2021.0,DEU,329000.0
938,2021.0,EST,7043.0
939,2021.0,FIN,22905.0
940,2021.0,FRA,193000.0
941,2021.0,ISL,4128.0
942,2021.0,IRL,41733.3333333356
943,2021.0,ITA,160054.0
944,2021.0,JPN,-180613.0
945,2021.0,LVA,-286.0
946,2021.0,LTU,19653.0
947,2021.0,NLD,107198.0
948,2021.0,NZL,-4008.4166666666665
949,2021.0,NOR,19650.0
950,2021.0,POL,2000.0
951,2021.0,PRT,72040.0
952,2021.0,SVN,2480.0
953,2021.0,KOR,-66000.0
954,2021.0,ESP,191094.0
955,2021.0,SWE,42347.0
956,2021.0,CHE,48871.0
957,2021.0,TWN,-156010.0
958,2021.0,GBR,315500.0
959,2021.0,USA,376004.0
960,2022.0,AUS,518090.0
961,2022.0,AUT,136979.0
962,2022.0,BEL,116544.0
963,2022.0,BGR,27444.0
964,2022.0,CAN,433391.0
965,2022.0,CZE,329742.0
966,2022.0,DNK,58256.0
967,2022.0,DEU,1462000.0
968,2022.0,EST,39757.0
969,2022.0,FIN,34363.0
970,2022.0,FRA,193000.0
971,2022.0,ISL,8660.0
972,2022.0,IRL,69033.33333333531
973,2022.0,ITA,260796.0
974,2022.0,JPN,430764.0
975,2022.0,LVA,22028.0
976,2022.0,LTU,72097.0
977,2022.0,NLD,223798.0
978,2022.0,NZL,-8997.75
979,2022.0,NOR,57939.0
980,2022.0,POL,968000.0
981,2022.0,PRT,136144.0
982,2022.0,SVN,14657.0
983,2022.0,KOR,88000.0
984,2022.0,ESP,727005.0
985,2022.0,SWE,51844.0
986,2022.0,CHE,68760.0
987,2022.0,TWN,-42430.0
988,2022.0,GBR,653750.0
989,2022.0,USA,1693535.0
990,2023.0,AUS,140000.0
991,2023.0,AUT,66629.0
992,2023.0,BEL,66349.0
993,2023.0,BGR,41580.0
994,2023.0,CAN,417765.5
995,2023.0,CZE,94672.0
996,2023.0,DNK,30172.0
997,2023.0,DEU,663000.0
998,2023.0,EST,13856.0
999,2023.0,FIN,57914.0
1000,2023.0,FRA,193000.0
1001,2023.0,ISL,6790.0
1002,2023.0,IRL,77700.0
1003,2023.0,ITA,273809.0
1004,2023.0,JPN,377937.0
1005,2023.0,LVA,2415.0
1006,2023.0,LTU,44994.0
1007,2023.0,NLD,137366.0
1008,2023.0,NZL,103056.0
1009,2023.0,NOR,52578.0
1010,2023.0,POL,-8000.0
1011,2023.0,PRT,155701.0
1012,2023.0,SVN,11528.0
1013,2023.0,KOR,121000.0
1014,2023.0,ESP,642296.0
1015,2023.0,SWE,21080.0
1016,2023.0,CHE,139118.0
1017,2023.0,TWN,225599.0
1018,2023.0,GBR,724750.0
1019,2023.0,USA,2294299.0
